Pos	E	D	R	K	H	Q	N	S	T	P	G	C	A	V	I	L	M	F	Y	W	_
225	12.6461358314	7.89520383693	0.15520984081	0.151822916667	-1	1.39215053763	1.06371527778	0.994685423994	2.01089588378	1.41018744906	1.0	0.0372710622711	1.30569105691	9.10055648303	-1	1.16223862239	0.868155784651	0.651640759931	0.454481792717	0.402501454334	0.0554824561404
226	0.0170708050436	0.0503389830508	0.0197426748838	0.0609929078014	0.22635009311	1.02155309033	0.031884057971	0.899635701275	0.171111111111	3.20833333333	1.65567318132	0.761728395062	0.751901709402	1.20083957341	1.23057553957	1.0	0.994943820225	0.717948717949	0.236271529889	0.771149309066	0.0228373702422
228	0.0390637610977	0.0271604938272	0.0442583046964	0.292857142857	0.122222222222	1.91120071685	-1	1.0	0.169522402757	2.45520833333	0.864405113078	0.0333917104495	0.400120845921	0.0723102938068	0.0603921568627	0.00924668606531	0.122798742138	0.025	0.169333333333	0.0212280701754	0.0431851851852
