Pos	E	D	R	K	H	Q	N	S	T	P	G	C	A	V	I	L	M	F	Y	W	_
225	12.6461358314	10.9623287671	1.13333333333	1.05628205128	2.79369158879	4.39741176471	3.74064327485	5.34034833091	5.23625730994	2.76468032278	1.0	0.115835312747	5.94723991507	9.10055648303	4.97124463519	7.70937343358	8.25728848114	12.3775193798	8.63325791855	5.24931750742	0.0750487329435
226	0.128243021346	0.688065843621	0.302950819672	0.743297101449	0.951476793249	5.76998341625	1.63619047619	1.8756174559	1.36140804598	4.04642354447	12.3775193798	1.16853975535	2.82028985507	4.97124463519	1.9770519263	1.0	8.4224691358	3.72827868852	4.15743589744	8.25728848114	0.117797888386
228	0.254679802956	0.242071197411	0.214424951267	1.08491083676	1.29708333333	1.91120071685	0.858998435055	1.0	2.89954786405	2.45520833333	10.9623287671	0.0617161716172	4.41106321839	1.8756174559	0.0603921568627	0.078781793842	0.562662662663	0.793023255814	1.13666666667	0.36285384171	0.0798679867987
