Pos	E	D	R	K	H	Q	N	S	T	P	G	C	A	V	I	L	M	F	Y	W	_
225	12.6461358314	14.7277777778	1.81189083821	1.28042328042	3.33220720721	5.22149362477	7.74488606253	7.72086918156	6.16008878128	9.12468193384	1.0	0.487104622871	6.43988355167	9.10055648303	8.66694796062	7.70937343358	8.25728848114	12.3775193798	11.3704467354	8.27085179714	0.164432989691
226	1.71288244767	8.35518058022	1.97400419287	0.743297101449	2.63606729758	7.7	9.12468193384	9.37052767053	6.39454022989	8.66694796062	12.3775193798	1.16853975535	7.99400260756	14.7277777778	3.26507936508	1.0	10.6785024155	3.72827868852	6.43988355167	8.25728848114	0.163149847095
228	1.97400419287	0.278666666667	0.902867383513	1.08491083676	1.29708333333	1.91120071685	0.858998435055	1.0	9.37052767053	4.84934640523	10.9623287671	0.144736842105	14.7277777778	1.8756174559	0.0818357487923	0.142807017544	0.562662662663	0.793023255814	1.13666666667	0.36285384171	0.172108843537
