Position	Amino Acid	CrypFitDiff
225	N	5.20190819752
225	M	7.48613917207
225	L	6.93822412451
225	K	1.07244205976
225	I	6.52352607026
225	H	1.13801840747
225	G	-1
225	F	10.7218461985
225	E	11.6461358314
225	D	12.4462368208
225	C	0.235518646243
225	A	6.150560635
225	_	0.125743369795
225	Y	8.82746887039
225	W	8.23266208852
225	V	8.10055648303
225	T	4.37185219686
225	S	5.17789131655
225	R	0.804761608511
225	Q	3.53300665163
225	P	8.75616107417
228	Y	0.237030965395
228	_	0.139356178608
228	P	3.98161212291
228	Q	0.91120071685
228	R	0.188233745029
228	S	-1
228	T	8.4254930285
228	V	0.975981754625
228	W	0.075060386473
228	H	0.115233170527
228	I	0.0029825555535
228	K	0.06335774643
228	L	0.0936842105265
228	M	0.0228968405025
228	N	0.311397139955
228	A	13.9240250184
228	C	0.0983766888483
228	D	0.267109837632
228	E	1.93464449419
228	F	0.0323189569194
228	G	8.21531803726
226	K	0.230862145669
226	H	0.90605584283
226	I	2.10532295948
226	N	7.39467047909
226	L	-1
226	M	3.50119022302
226	C	0.768418909429
226	A	5.02856186033
226	F	2.73359326453
226	G	11.7258786199
226	D	6.62516912547
226	E	0.647573157316
226	Y	6.05690482827
226	_	0.102615820989
226	R	0.969896112355
226	S	8.12356999857
226	P	7.62418373298
226	Q	4.73455925277
226	V	11.8601160863
226	W	7.38913269649
226	T	4.24430213465
