Position	Amino Acid	CrypFitDiff
225	N	0.490652981099
225	M	0.59605798531
225	L	0.744094994163
225	K	0.000788436488505
225	I	0.00154659300329
225	H	0.717963588853
225	G	0.117785308253
225	F	0.468695167936
225	E	16.215308147
225	D	-1
225	C	0.000169817089832
225	A	0.0897590783809
225	_	0.00101925155835
225	Y	0.481444379581
225	W	5.22311900659
225	V	0.000597822646638
225	T	0.0125834463565
225	S	0.197282101833
225	R	0.000621557178455
225	Q	1.41078601446
225	P	0.000269222215587
228	Y	0
228	_	0.000551905541954
228	P	0
228	Q	0
228	R	0
228	S	0.384329710382
228	T	0.0137290980144
228	V	0.000116324112828
228	W	0
228	H	0
228	I	0
228	K	0
228	L	5.80953202056e-05
228	M	0.000344940963721
228	N	0
228	A	16.7707803963
228	C	0
228	D	0
228	E	0
228	F	0
228	G	-1
226	K	0.00323714760941
226	H	0.785135242249
226	I	0.128777959789
226	N	16.8194527971
226	L	0.0202224931403
226	M	0.678524963758
226	C	0.00238322847662
226	A	1.42752272159
226	F	0.0321492927387
226	G	0.000569652463641
226	D	0.000954423117665
226	E	0.00585053752118
226	Y	0.00289093379118
226	_	0.00405432656711
226	R	0.00132863237366
226	S	0.757538463276
226	P	0.0027631215122
226	Q	-1
226	V	0.0303523007691
226	W	0
226	T	0.59605798531
